query,clicks,impressions,ctr,position
лучшие корейские дорамы 2026,4,25,16.0000,3.92
best kdrama 2026,2,83,2.4096,4.20
drakor terbaru 2026,2,327,0.6116,1.39
drama korea viral 2026,2,2,100.0000,4.00
film korea terbaru 2026,2,207,0.9662,1.58
korean drama 2026 netflix,2,19,10.5263,2.32
series coreanas 2026,2,34,5.8824,1.88
trendy k drama 2026,2,34,5.8824,6.50
افضل مسلسلات كورية 2026,2,13,15.3846,1.38
best k drama 2026 so far,1,3,33.3333,9.00
best korean series 2026,1,12,8.3333,6.08
best korean series to watch in 2026,1,1,100.0000,8.00
drakor populer 2026,1,9,11.1111,1.22
drakor recomended 2026,1,1,100.0000,4.00
drakor terbaru 2026 rating tertinggi,1,1,100.0000,1.00
drama korea romantis 2026,1,2,50.0000,3.00
drama korea terbaru di netflix 2026,1,1,100.0000,1.00
dramas coreano 2026,1,1,100.0000,4.00
feel good kdrama 2026,1,11,9.0909,8.00
k drama 2026 netflix,1,1,100.0000,3.00
k drama to watch 2026,1,3,33.3333,9.00
k-drama 2026 netflix,1,2,50.0000,2.50
kdrama 2026,1,17,5.8824,4.12
kdramas 2026,1,2,50.0000,2.50
mejores k dramas 2026,1,16,6.2500,1.94
mejores kdramas 2026,1,5,20.0000,1.60
netflix k-drama 2026,1,1,100.0000,4.00
serie coreana netflix 2026,1,12,8.3333,1.33
serie coreenne 2026,1,4,25.0000,4.75
series coreanas en netflix 2026,1,7,14.2857,1.43
top 10 korean drama 2026 netflix,1,19,5.2632,3.11
дорамы 2026 года,1,6,16.6667,9.00
дорамы вышедшие в 2026 году,1,1,100.0000,5.00
топ дорам 2026,1,5,20.0000,4.80
أفضل المسلسلات الكورية 2026,1,19,5.2632,1.84
احسن مسلسل كوري 2026,1,2,50.0000,2.00
افضل المسلسلات الكورية 2026,1,8,12.5000,1.75
افضل مسلسلات كوريه 2026,1,3,33.3333,3.00
مسلسلات كورية 2026,1,74,1.3514,4.27
مسلسلات كورية netflix 2026,1,10,10.0000,1.60
مسلسلات كورية ٢٠٢٦,1,13,7.6923,3.00
2026,0,1,0.0000,2.00
2026 best kdrama,0,4,0.0000,4.25
2026 best kdrama to watch,0,5,0.0000,9.60
2026 best kdramas,0,2,0.0000,11.50
2026 best korean drama,0,4,0.0000,4.00
2026 best korean series,0,1,0.0000,11.00
2026 drama,0,1,0.0000,17.00
2026 hit dramas,0,1,0.0000,1.00
2026 k drama,0,1,0.0000,4.00
2026 k drama list,0,1,0.0000,4.00
2026 k drama list on netflix,0,1,0.0000,4.00
2026 kdrama comedy,0,3,0.0000,1.67
2026 kdrama list,0,2,0.0000,4.50
2026 kdrama netflix,0,5,0.0000,2.60
2026 kdrama recommendation,0,1,0.0000,3.00
2026 kdrama recommendations,0,1,0.0000,32.00
2026 kdrama worth watching,0,2,0.0000,7.50
2026 korean drama,0,1,0.0000,25.00
2026 korean drama on netflix,0,1,0.0000,3.00
2026 must watch kdrama,0,1,0.0000,11.00
2026 netflix k drama,0,1,0.0000,3.00
2026 popular kdrama,0,1,0.0000,30.00
2026 popular korean dramas recommendations,0,1,0.0000,19.00
2026 rom com kdrama,0,2,0.0000,11.50
2026 romantic kdrama,0,1,0.0000,11.00
2026 top kdrama,0,1,0.0000,12.00
2026 সালের নাটক,0,1,0.0000,6.00
a second with you kdrama 2026,0,1,0.0000,11.00
action comedy kdrama 2026,0,2,0.0000,3.00
actores coreanos 2026,0,1,0.0000,1.00
ahn hyo seop drama 2026,0,1,0.0000,2.00
any other,0,1,0.0000,14.00
aplikasi nonton drakor terbaik 2026,0,1,0.0000,2.00
besetzung von sold out on you,0,1,0.0000,5.00
best 2026 kdrama,0,6,0.0000,3.33
best 2026 kdramas so far,0,1,0.0000,13.00
best action kdrama 2026,0,1,0.0000,1.00
best apps for watching k-dramas 2026,0,2,0.0000,18.50
best apps for watching korean dramas 2026,0,1,0.0000,15.00
best asian dramas 2026,0,1,0.0000,26.00
best comedy kdrama 2026,0,3,0.0000,1.33
best drakor 2026,0,3,0.0000,1.67
best drama in 2026,0,1,0.0000,4.00
best drama korea 2026,0,1,0.0000,11.00
best free apps to watch korean dramas 2026,0,2,0.0000,17.50
best k drama 2026,0,21,0.0000,5.05
best k drama in 2026,0,2,0.0000,8.00
best k drama of 2026,0,6,0.0000,10.83
best k drama of 2026 so far,0,16,0.0000,8.94
best k drama on netflix 2026,0,2,0.0000,2.50
best k drama romance 2026,0,1,0.0000,61.00
best k drama to watch 2026,0,2,0.0000,32.00
best k drama to watch in 2026,0,1,0.0000,11.00
best k dramas 2026,0,4,0.0000,16.50
best k dramas 2026 so far,0,1,0.0000,39.00
best k dramas of 2026 so far,0,3,0.0000,10.33
best k dramas to watch 2026,0,2,0.0000,12.50
best k dramas to watch in 2026,0,1,0.0000,16.00
best k-drama 2026,0,3,0.0000,10.67
best k-dramas 2025 2026 recommendations,0,3,0.0000,18.33
best k-dramas 2026 recommendations,0,11,0.0000,15.00
best k-dramas of all time 2025 2026,0,1,0.0000,19.00
best k-dramas of all time 2026,0,9,0.0000,18.78
best k-dramas on hulu 2026,0,3,0.0000,19.00
best k-dramas on netflix right now 2026,0,1,0.0000,14.00
best k-dramas recommendations 2026,0,4,0.0000,18.00
best k-dramas to watch 2025 2026 recommendations,0,1,0.0000,19.00
best k-dramas to watch 2026,0,1,0.0000,11.00
best k-dramas to watch 2026 recommendations,0,8,0.0000,18.38
best k-dramas to watch in 2026 recommendations,0,2,0.0000,17.00
best k-dramas to watch right now,0,1,0.0000,7.00
best kdrama 2025 2026,0,1,0.0000,30.00
best kdrama 2026 list,0,2,0.0000,9.00
best kdrama 2026 netflix,0,1,0.0000,3.00
best kdrama 2026 recommend,0,1,0.0000,9.00
best kdrama 2026 so far,0,5,0.0000,12.80
best kdrama 2026 to watch,0,3,0.0000,7.67
best kdrama in 2026,0,1,0.0000,9.00
best kdrama in 2026 so far,0,6,0.0000,8.67
best kdrama of 2025 and 2026,0,1,0.0000,3.00
best kdrama of 2026,0,1,0.0000,5.00
best kdrama of 2026 so far,0,61,0.0000,9.89
best kdrama on netflix 2026,0,3,0.0000,3.00
best kdrama right now 2026,0,1,0.0000,11.00
best kdrama rom com 2026,0,4,0.0000,5.50
best kdrama so far 2026,0,2,0.0000,19.50
best kdrama to watch 2026,0,2,0.0000,20.00
best kdramas 2026,0,3,0.0000,5.67
best kdramas 2026 so far,0,2,0.0000,11.00
best kdramas of 2026,0,2,0.0000,7.50
best kdramas of 2026 so far,0,2,0.0000,10.00
best kdramas to watch 2026,0,2,0.0000,11.00
best kdramas to watch in 2026,0,1,0.0000,11.00
best kdrma 2026,0,1,0.0000,27.00
best korea drama 2026,0,1,0.0000,13.00
best korean 2026,0,1,0.0000,3.00
best korean comedy series 2026,0,1,0.0000,3.00
best korean drama 2025 and 2026,0,1,0.0000,20.00
best korean drama 2026,0,16,0.0000,12.75
best korean drama 2026 list,0,1,0.0000,11.00
best korean drama 2026 netflix,0,5,0.0000,4.00
best korean drama 2026 romantic comedy,0,1,0.0000,10.00
best korean drama 2026 so far,0,3,0.0000,8.33
best korean drama on netflix 2026,0,4,0.0000,2.50
best korean drama recommendations 2026,0,1,0.0000,9.00
best korean drama series 2026,0,1,0.0000,29.00
best korean drama to watch 2026,0,1,0.0000,13.00
best korean drama to watch in 2026,0,6,0.0000,8.17
best korean dramas 2025 2026 high rated,0,1,0.0000,20.00
best korean dramas 2026,0,6,0.0000,13.33
best korean dramas 2026 list,0,1,0.0000,11.00
best korean dramas 2026 recommendations,0,3,0.0000,15.33
best korean dramas all time 2026,0,5,0.0000,15.60
best korean dramas for beginners 2025 2026,0,1,0.0000,13.00
best korean dramas of 2026,0,1,0.0000,12.00
best korean dramas of 2026 so far,0,2,0.0000,9.50
best korean dramas of all time 2026,0,13,0.0000,12.31
best korean dramas recommendations 2026,0,1,0.0000,19.00
best korean dramas to watch 2026,0,14,0.0000,10.57
best korean dramas to watch in 2026,0,2,0.0000,10.50
best korean rom com 2026,0,1,0.0000,6.00
best korean romance 2026,0,1,0.0000,8.00
best korean romantic movies on netflix 2026,0,1,0.0000,2.00
best korean series 2025 2026,0,1,0.0000,31.00
best korean series 2026 netflix,0,3,0.0000,3.00
best korean series in 2026,0,4,0.0000,8.75
best korean series on netflix 2026,0,5,0.0000,2.20
best korean series to watch 2026,0,2,0.0000,12.00
best korean show 2026,0,2,0.0000,7.00
best korean shows 2026,0,2,0.0000,22.50
best korean shows on netflix 2026,0,1,0.0000,2.00
best korean tv shows 2026,0,1,0.0000,14.00
best korean web series 2026,0,1,0.0000,14.00
best modern chinese drama,0,1,0.0000,3.00
best netflix kdrama 2026,0,1,0.0000,2.00
best netflix series 2026 korean,0,1,0.0000,3.00
best new k dramas 2026,0,1,0.0000,3.00
best ongoing k-dramas 2026,0,1,0.0000,3.00
best ongoing kdrama 2026,0,1,0.0000,3.00
best ongoing korean drama 2026,0,1,0.0000,23.00
best platforms to watch korean dramas 2026,0,1,0.0000,14.00
best rom com k drama 2026,0,1,0.0000,9.00
best rom com k dramas 2026,0,5,0.0000,10.00
best rom com kdrama 2026,0,4,0.0000,11.50
best romance k-dramas recommendations 2025 2026,0,1,0.0000,19.00
best romantic comedy korean drama on netflix 2026,0,1,0.0000,3.00
best romantic k dramas 2026,0,1,0.0000,13.00
best romantic k dramas on netflix 2026,0,1,0.0000,3.00
best romantic k-dramas on netflix 2026,0,1,0.0000,19.00
best romantic korean drama 2026,0,1,0.0000,9.00
best romantic korean drama on netflix 2026,0,2,0.0000,2.50
best romcom kdrama 2026,0,3,0.0000,20.00
best streaming services for korean dramas 2026,0,1,0.0000,12.00
best websites to watch korean dramas 2026,0,4,0.0000,17.00
business proposal kdrama,0,1,0.0000,3.00
chief kim kdrama 2026,0,1,0.0000,10.00
chinese drama 2026,0,1,0.0000,6.00
comedy k drama 2026,0,1,0.0000,1.00
comedy kdrama 2026,0,6,0.0000,1.67
comedy kdramas 2026,0,1,0.0000,3.00
comedy korean drama 2026,0,1,0.0000,1.00
comedy korean movie 2026,0,2,0.0000,3.50
daftar drama korea 2026,0,2,0.0000,1.00
daftar drama korea terbaru 2026,0,9,0.0000,3.33
daftar film korea 2026,0,1,0.0000,1.00
daftar film korea terbaru 2026,0,2,0.0000,4.00
dating show korea 2026,0,1,0.0000,5.00
dorama 2026,0,3,0.0000,3.33
doramas 2026,0,12,0.0000,2.67
doramas 2026 recomendados,0,1,0.0000,3.00
doramas de 2026,0,1,0.0000,4.00
drakor 2026,0,22,0.0000,2.95
drakor 2026 netflix,0,2,0.0000,1.00
drakor 2026 terbaik,0,1,0.0000,3.00
drakor 2026 terbaru,0,3,0.0000,1.00
drakor 2026 yang sudah tayang,0,2,0.0000,3.00
drakor action,0,1,0.0000,14.00
drakor bagus 2026,0,7,0.0000,2.29
drakor booming 2026,0,2,0.0000,1.00
drakor bulan februari 2026,0,1,0.0000,3.00
drakor comedy terbaru,0,1,0.0000,1.00
drakor fantasi 2026,0,5,0.0000,1.00
drakor fantasi terbaru,0,6,0.0000,1.00
drakor fantasy 2026,0,3,0.0000,1.00
drakor favorit 2026,0,1,0.0000,6.00
drakor juli 2026,0,1,0.0000,8.00
drakor komedi 2026,0,8,0.0000,2.25
drakor komedi action 2026,0,5,0.0000,1.00
drakor komedi romantis 2026,0,4,0.0000,2.00
drakor komedi romantis terbaru 2026,0,1,0.0000,6.00
drakor komedi terbaru,0,9,0.0000,1.00
drakor komedi terbaru 2026,0,1,0.0000,1.00
drakor lawyer terbaru,0,1,0.0000,4.00
drakor lucu 2026,0,1,0.0000,1.00
drakor lucu terbaru,0,2,0.0000,1.00
drakor mei 2026,0,4,0.0000,4.00
drakor netflix 2026,0,18,0.0000,1.00
drakor netflix terbaru 2026,0,10,0.0000,1.00
drakor on going juni 2026,0,2,0.0000,6.00
drakor on going mei 2026,0,1,0.0000,3.00
drakor ongoing juni 2026,0,1,0.0000,9.00
drakor recommended 2026,0,1,0.0000,1.00
drakor rekomendasi 2026,0,8,0.0000,3.88
drakor romance 2026,0,3,0.0000,2.67
drakor romantis 2026,0,3,0.0000,3.00
drakor romantis komedi 2026,0,1,0.0000,1.00
drakor romantis terbaik 2026,0,4,0.0000,1.00
drakor romcom 2026,0,5,0.0000,1.00
drakor sekolah 2026,0,1,0.0000,3.00
drakor seru 2026,0,6,0.0000,2.67
drakor seru terbaru 2026,0,1,0.0000,7.00
drakor streaming 2026,0,2,0.0000,1.00
drakor tayang di netflix 2026,0,1,0.0000,1.00
drakor terbaik 2026,0,5,0.0000,1.40
drakor terbaik bulan ini,0,1,0.0000,5.00
drakor terbaru,0,2,0.0000,2.00
drakor terbaru 2024 rating tertinggi,0,1,0.0000,4.00
drakor terbaru 2025,0,1,0.0000,3.00
drakor terbaru 2026 di netflix,0,7,0.0000,1.00
drakor terbaru 2026 fantasi,0,1,0.0000,1.00
drakor terbaru 2026 genre action,0,1,0.0000,1.00
drakor terbaru 2026 januari,0,1,0.0000,7.00
drakor terbaru 2026 komedi romantis,0,9,0.0000,5.89
drakor terbaru 2026 list,0,1,0.0000,1.00
drakor terbaru 2026 netflix,0,4,0.0000,1.00
drakor terbaru 2026 on going,0,2,0.0000,3.00
drakor terbaru 2026 romantis,0,13,0.0000,5.31
drakor terbaru 2026 romantis rating tertinggi,0,1,0.0000,3.00
drakor terbaru 2026 trending,0,1,0.0000,2.00
drakor terbaru 2026 yang bagus,0,1,0.0000,3.00
drakor terbaru comedy,0,1,0.0000,1.00
drakor terbaru di netflix,0,1,0.0000,3.00
drakor terbaru di netflix 2026,0,5,0.0000,1.40
drakor terbaru di viu 2026,0,1,0.0000,1.00
drakor terbaru februari 2026,0,1,0.0000,8.00
drakor terbaru juli 2026,0,1,0.0000,6.00
drakor terbaru juni 2026,0,1,0.0000,7.00
drakor terbaru komedi,0,1,0.0000,1.00
drakor terbaru mei 2026,0,1,0.0000,1.00
drakor terbaru mei juni 2026,0,1,0.0000,1.00
drakor terbaru netflix 2026,0,3,0.0000,1.00
drakor terbaru thriller,0,1,0.0000,1.00
drakor terhits 2026,0,3,0.0000,1.00
drakor terlaris sepanjang masa,0,1,0.0000,3.00
drakor thriller terbaru,0,4,0.0000,1.00
drakor trending 2026,0,3,0.0000,1.00
drakor viu terbaru 2026,0,1,0.0000,1.00
drakor yang bagus,0,1,0.0000,3.00
drakor yang rilis 2026,0,1,0.0000,1.00
drakor yang seru 2026,0,3,0.0000,3.00
drakor yang tayang 2026,0,1,0.0000,3.00
drakor yang wajib ditonton 2026,0,1,0.0000,3.00
drakor2026,0,1,0.0000,9.00
drama 2026,0,1,0.0000,3.00
drama action korea terbaru,0,1,0.0000,1.00
drama china terbaru 2026,0,1,0.0000,4.00
drama chinois romance 2026,0,1,0.0000,4.00
drama coreano 2026,0,1,0.0000,3.00
drama coreen 2026,0,1,0.0000,2.00
drama coréen 2026,0,4,0.0000,2.25
drama komedi korea terbaru,0,2,0.0000,1.00
drama korea,0,1,0.0000,3.00
drama korea 2026,0,1,0.0000,5.00
drama korea 2026 list,0,10,0.0000,2.00
drama korea 2026 netflix,0,17,0.0000,1.06
drama korea 2026 rating tertinggi,0,1,0.0000,4.00
drama korea 2026 romance,0,1,0.0000,1.00
drama korea action romantis terbaru,0,1,0.0000,1.00
drama korea bulan april 2026,0,1,0.0000,8.00
drama korea fantasi 2026,0,1,0.0000,1.00
drama korea fantasi terbaru,0,1,0.0000,1.00
drama korea juli 2026,0,1,0.0000,1.00
drama korea kerajaan terbaru 2026,0,1,0.0000,4.00
drama korea komedi 2026,0,2,0.0000,1.00
drama korea komedi romantis 2026,0,1,0.0000,1.00
drama korea komedi romantis terbaru 2026,0,2,0.0000,1.00
drama korea komedi terbaru,0,7,0.0000,1.00
drama korea lucu terbaru,0,2,0.0000,1.00
drama korea mei 2026,0,2,0.0000,1.00
drama korea netflix 2026,0,4,0.0000,1.00
drama korea netflix terbaru 2026,0,13,0.0000,1.00
drama korea on going 2026,0,1,0.0000,5.00
drama korea paling populer 2026,0,2,0.0000,2.00
drama korea populer 2026,0,6,0.0000,1.50
drama korea rating tertinggi 2026,0,1,0.0000,5.00
drama korea seru 2026,0,1,0.0000,1.00
drama korea terbaik 2026,0,6,0.0000,3.67
drama korea terbaru,0,1,0.0000,8.00
drama korea terbaru 2026,0,336,0.0000,3.96
drama korea terbaru 2026 action,0,1,0.0000,5.00
drama korea terbaru 2026 netflix,0,8,0.0000,1.25
drama korea terbaru 2026 rating tertinggi,0,19,0.0000,4.84
drama korea terbaru 2026 rating tertinggi netflix,0,4,0.0000,10.50
drama korea terbaru 2026 rating tinggi,0,1,0.0000,6.00
drama korea terbaru 2026 romantis,0,7,0.0000,5.29
drama korea terbaru 2026 yang sedang tayang,0,6,0.0000,2.17
drama korea terbaru 2026 youtube,0,1,0.0000,11.00
drama korea terbaru juni 2026,0,2,0.0000,8.00
drama korea terbaru komedi,0,2,0.0000,1.00
drama korea terbaru mei 2026,0,4,0.0000,5.25
drama korea terpopuler 2026,0,1,0.0000,4.00
drama korea thriller terbaru,0,3,0.0000,1.00
drama korea upcoming 2026,0,1,0.0000,1.00
drama korea viu terbaru 2026,0,1,0.0000,1.00
drama netflix korea 2026,0,1,0.0000,1.00
drama romantis korea 2026,0,2,0.0000,1.00
drama smotret 2026,0,1,0.0000,11.00
drama terbaru 2026 korea,0,1,0.0000,1.00
drama+korea+terbaru+2026,0,1,0.0000,7.00
dramas 2026 coreanos,0,2,0.0000,4.00
dramas coreanos 2026,0,3,0.0000,3.00
dramas coreanos 2026 netflix,0,2,0.0000,3.00
estrenos doramas 2026,0,1,0.0000,4.00
estrenos dramas coreanos abril 2026,0,1,0.0000,3.00
estrenos series coreanas 2026,0,1,0.0000,5.00
famous kdrama 2026,0,1,0.0000,9.00
fantasy kdrama 2026,0,11,0.0000,9.36
film baru korea 2026,0,1,0.0000,1.00
film coreen 2026,0,1,0.0000,4.00
film coréen netflix romantique 2026,0,2,0.0000,2.50
film drakor terbaru 2026,0,53,0.0000,3.00
film drakor terbaru 2026 rating tertinggi,0,3,0.0000,3.00
film drakor thriller terbaru,0,1,0.0000,1.00
film drama korea terbaru 2026,0,4,0.0000,4.50
film komedi korea 2026,0,2,0.0000,3.00
film komedi korea terbaru,0,4,0.0000,1.50
film korea 2026,0,1,0.0000,1.00
film korea hits 2026,0,2,0.0000,1.00
film korea kerajaan terbaru 2026,0,1,0.0000,6.00
film korea komedi 2026,0,1,0.0000,1.00
film korea komedi terbaru,0,29,0.0000,1.00
film korea lucu terbaru,0,4,0.0000,1.00
film korea netflix rating tertinggi 2026,0,2,0.0000,3.50
film korea netflix terbaru 2026,0,1,0.0000,4.00
film korea romance 2026,0,2,0.0000,1.00
film korea seru 2026,0,1,0.0000,3.00
film korea terbaru 2026 action,0,3,0.0000,4.33
film korea terbaru 2026 rating tertinggi,0,8,0.0000,3.88
film korea terbaru 2026 romantis,0,6,0.0000,6.00
film korea terbaru netflix 2026,0,1,0.0000,4.00
film korea terpopuler 2026,0,1,0.0000,3.00
film korea trending 2026,0,1,0.0000,3.00
film korea viral 2026,0,1,0.0000,3.00
film korean 2026,0,1,0.0000,5.00
film lucu korea terbaru,0,1,0.0000,1.00
film movie korea terbaru 2026,0,1,0.0000,1.00
film netflix drakor terbaru 2026,0,1,0.0000,1.00
film romantis korea 2026,0,1,0.0000,3.00
film semi korea 2026,0,1,0.0000,8.00
film terbaru korea 2026,0,6,0.0000,1.00
filmy koreańskie 2026,0,1,0.0000,1.00
funny korean drama 2026,0,1,0.0000,3.00
gen z k-drama,0,1,0.0000,1.00
genre aksi,0,1,0.0000,6.00
gold land serie coreana 2026,0,1,0.0000,4.00
good k dramas to watch 2026,0,2,0.0000,9.50
good kdrama 2026,0,1,0.0000,4.00
good korean drama 2026,0,2,0.0000,23.00
good korean dramas 2026,0,1,0.0000,45.00
hbo max korean drama 2026 list,0,1,0.0000,20.00
highest rated k drama 2026,0,1,0.0000,1.00
highest rated kdrama 2026,0,1,0.0000,2.00
highest rated korean drama 2026,0,1,0.0000,3.00
historical kdrama 2026 list,0,1,0.0000,8.00
hit kdrama 2026,0,2,0.0000,10.50
honor serie coreana 2026,0,1,0.0000,2.00
hot drama,0,1,0.0000,1.00
hulu korean dramas 2026,0,3,0.0000,10.33
husbands in action 2026,0,1,0.0000,6.00
i really want to tell you kdrama 2026,0,2,0.0000,6.50
is the drama 2026 worth watching,0,1,0.0000,47.00
itu saja?,0,1,0.0000,4.00
jdramas,0,1,0.0000,4.00
judul drakor terbaru 2026,0,8,0.0000,1.25
judul drakor terbaru 2026 romantis,0,1,0.0000,12.00
judul film drakor terbaru 2026,0,2,0.0000,3.00
judul film korea terbaru 2026,0,1,0.0000,1.00
k drama 2026 list,0,1,0.0000,1.00
k drama mai 2026,0,1,0.0000,1.00
k drama netflix 2026,0,3,0.0000,2.67
k drama recommend 2026,0,1,0.0000,11.00
k dramas 2026,0,4,0.0000,3.75
k dramas 2026 netflix,0,1,0.0000,4.00
k dramas de netflix 2026,0,1,0.0000,1.00
k dramas del 2026,0,1,0.0000,1.00
k dramas en emision 2026,0,1,0.0000,1.00
k dramas que se estrenan en 2026,0,1,0.0000,1.00
k dramas recomendados 2026,0,2,0.0000,2.50
k dramas to watch 2026,0,4,0.0000,9.50
k web series,0,1,0.0000,1.00
k-drama 2026,0,1,0.0000,3.00
k-drama netflix 2026,0,1,0.0000,3.00
k-drama netflix romance 2026,0,1,0.0000,6.00
k-dramas 2026,0,1,0.0000,4.00
k-dramas 2026 lista,0,2,0.0000,1.50
k-dramas en canal 5 2026,0,1,0.0000,3.00
k-dramas en emisión 2026,0,1,0.0000,1.00
k-dramas en netflix 2026,0,1,0.0000,3.00
k-dramas nuevos 2026,0,5,0.0000,3.80
k-dramas nuevos en netflix 2026,0,1,0.0000,1.00
k-dramas on netflix 2026,0,1,0.0000,2.00
k-dramas to watch 2026,0,1,0.0000,5.00
kdrama 20206,0,1,0.0000,11.00
kdrama 2026 comedy,0,1,0.0000,1.00
kdrama 2026 netflix,0,4,0.0000,2.25
kdrama 2026 worth watching,0,7,0.0000,8.14
kdrama best to watch 2026,0,3,0.0000,10.00
kdrama comedy 2026,0,1,0.0000,6.00
kdrama de 2026,0,2,0.0000,3.50
kdrama del 2026,0,3,0.0000,2.00
kdrama enemies to lovers 2026,0,1,0.0000,10.00
kdrama fantasy romance 2026,0,1,0.0000,5.00
kdrama in hindi on netflix 2026,0,1,0.0000,3.00
kdrama junio 2026,0,1,0.0000,10.00
kdrama list 2026,0,2,0.0000,3.50
kdrama must watch 2026,0,2,0.0000,4.00
kdrama netflix,0,1,0.0000,3.00
kdrama netflix 2026,0,2,0.0000,2.00
kdrama nuevos en netflix 2026,0,1,0.0000,3.00
kdrama of the year 2026,0,1,0.0000,7.00
kdrama recommendation 2026,0,8,0.0000,12.13
kdrama recs 2026,0,1,0.0000,36.00
kdrama romcom 2026,0,1,0.0000,3.00
kdrama time travel 2026,0,1,0.0000,23.00
kdrama to watch 2026,0,31,0.0000,5.45
kdrama to watch in 2026,0,2,0.0000,13.50
kdrama to watch may 2026,0,1,0.0000,1.00
kdramas,0,1,0.0000,12.00
kdramas netflix 2026,0,2,0.0000,2.00
kdramas to watch 2026,0,5,0.0000,12.60
kdramas to watch in 2026,0,1,0.0000,3.00
keduanya,0,1,0.0000,1.00
kim bum,0,1,0.0000,5.00
koreaanse serie netflix,0,1,0.0000,3.00
korean,0,1,0.0000,14.00
korean comedy drama 2026,0,1,0.0000,3.00
korean crime drama 2026,0,1,0.0000,3.00
korean drama 2026,0,7,0.0000,5.14
korean drama 2026 must watch,0,1,0.0000,10.00
korean drama 2026 netflix list,0,1,0.0000,3.00
korean drama comedy 2026,0,1,0.0000,1.00
korean drama in netflix 2026,0,1,0.0000,4.00
korean drama list 2026,0,1,0.0000,7.00
korean drama netflix 2026,0,2,0.0000,5.00
korean drama recommendations 2026,0,1,0.0000,12.00
korean drama to watch 2026,0,2,0.0000,6.00
korean drama trends 2026,0,1,0.0000,9.00
korean drama worth watching 2026,0,3,0.0000,9.00
korean dramas 2026,0,2,0.0000,26.00
korean dramas on netflix 2026,0,2,0.0000,5.50
korean dramas with high ratings in 2026,0,1,0.0000,2.00
korean historical drama 2026 netflix,0,1,0.0000,2.00
korean movie 2026 netflix,0,1,0.0000,3.00
korean ongoing drama,0,1,0.0000,1.00
korean ongoing dramas,0,1,0.0000,1.00
korean shows to watch 2026,0,1,0.0000,13.00
koreańskie seriale 2026,0,2,0.0000,2.50
la luz que aun nos guia,0,1,0.0000,4.00
las mejores series coreanas 2026,0,3,0.0000,2.67
latest hit kdrama 2026,0,1,0.0000,3.00
latest k-drama 2026 must watch,0,1,0.0000,19.00
latest korean drama 2026,0,1,0.0000,2.00
latest korean romantic dramas 2025 2026,0,1,0.0000,19.00
latest popular korean dramas 2026,0,1,0.0000,15.00
list drakor 2026,0,3,0.0000,6.00
list drama korea 2026,0,2,0.0000,3.50
los mejores k dramas 2026,0,4,0.0000,1.50
love late at night korean drama 2026,0,2,0.0000,8.50
love late at night korean drama 2026 release date,0,1,0.0000,7.00
love your enemy 2026,0,1,0.0000,3.00
meilleur drama 2026,0,1,0.0000,6.00
meilleur drama coréen 2026,0,1,0.0000,3.00
meilleures séries coréennes netflix 2026,0,1,0.0000,2.00
mejor kdrama 2026,0,2,0.0000,2.00
mejor serie coreana 2026,0,4,0.0000,1.50
mejores doramas 2026,0,1,0.0000,4.00
mejores dramas coreanos 2026,0,1,0.0000,3.00
mejores k dramas en netflix 2026,0,1,0.0000,3.00
mejores kdrama 2026,0,2,0.0000,1.00
mejores kdramas del 2026,0,2,0.0000,2.00
mejores series coreanas 2026,0,17,0.0000,2.29
mejores series coreanas en netflix 2026,0,1,0.0000,3.00
mejores series coreanas netflix 2026,0,2,0.0000,5.00
more,0,2,0.0000,10.00
most kdrama watch 2026,0,1,0.0000,2.00
most popular k-dramas right now 2026,0,1,0.0000,18.00
most popular korean drama right now 2026,0,1,0.0000,11.00
most popular korean dramas 2025 2026,0,1,0.0000,17.00
most popular korean dramas 2026,0,5,0.0000,19.80
most viewed kdrama 2026,0,1,0.0000,3.00
movie korea 2026,0,2,0.0000,1.00
movie korea terbaru 2026,0,1,0.0000,1.00
must watch 2026 kdrama,0,1,0.0000,7.00
must watch k dramas 2026,0,4,0.0000,17.75
must watch kdrama 2026,0,8,0.0000,17.13
must watch korean drama 2026,0,9,0.0000,11.11
must watch korean series 2026,0,1,0.0000,11.00
my liberation notes saison 2,0,1,0.0000,2.00
nama drakor terbaru 2026,0,1,0.0000,3.00
netflix 2026 k drama,0,1,0.0000,3.00
netflix 2026 kdrama,0,2,0.0000,4.00
netflix drakor 2026,0,2,0.0000,1.00
netflix dramas coreanos 2026,0,1,0.0000,1.00
netflix k drama 2026,0,1,0.0000,6.00
netflix k dramas 2026 trending,0,1,0.0000,4.00
netflix kdrama 2026,0,6,0.0000,2.83
netflix kdramas 2026,0,1,0.0000,4.00
netflix korean drama 2026,0,7,0.0000,4.14
netflix korean dramas official 2026,0,1,0.0000,4.00
netflix koreanische serien 2026,0,3,0.0000,3.33
netflix neue koreanische serien 2026,0,2,0.0000,3.00
netflix serie coreana 2026,0,5,0.0000,1.60
netflix series coreanas 2026,0,2,0.0000,1.00
netflix series korea 2026,0,1,0.0000,1.00
neue kdrama 2026,0,1,0.0000,1.00
neue koreanische serien 2026,0,2,0.0000,3.00
neue koreanische serien netflix 2026,0,1,0.0000,5.00
new,0,1,0.0000,17.00
new kdrama 2026,0,1,0.0000,3.00
new kdrama 2026 netflix,0,1,0.0000,3.00
new kdrama comedy 2026,0,1,0.0000,3.00
new kdrama in netflix 2026,0,1,0.0000,3.00
new kdrama netflix 2026,0,1,0.0000,5.00
new kdramas in netflix 2026,0,2,0.0000,3.00
new kdramas to watch 2026,0,1,0.0000,3.00
new korean drama 2026,0,2,0.0000,3.00
new korean drama 2026 netflix list,0,1,0.0000,4.00
new korean series 2026 netflix,0,1,0.0000,3.00
new love kdrama,0,1,0.0000,1.00
new netflix kdrama 2026,0,1,0.0000,2.00
new thriller k dramas 2026,0,1,0.0000,3.00
nieuwe koreaanse serie netflix 2026,0,2,0.0000,3.00
nonton drama korea terbaru 2026,0,7,0.0000,8.29
nouveau drama coreen 2026,0,2,0.0000,1.50
nouvelles series coreennes sur netflix,0,1,0.0000,3.00
novela coreana 2026,0,1,0.0000,4.00
nowa drama warta uwagi,0,1,0.0000,1.00
nuevos dramas coreanos 2026,0,1,0.0000,1.00
nuevos k dramas en netflix 2026,0,1,0.0000,1.00
nuevos kdrama 2026,0,1,0.0000,3.00
number 1 kdrama 2026,0,1,0.0000,30.00
number one 2026 korean movie,0,1,0.0000,8.00
number one k dramas 2026,0,1,0.0000,1.00
on going k dramas,0,1,0.0000,1.00
on going kdrama,0,1,0.0000,1.00
on going korean drama,0,1,0.0000,1.00
ongoing k drama,0,2,0.0000,1.00
ongoing k dramas,0,1,0.0000,1.00
películas coreanas románticas 2026,0,4,0.0000,2.00
popular kdrama 2026,0,1,0.0000,3.00
popular korean dramas 2026,0,1,0.0000,13.00
premise kdrama,0,18,0.0000,10.28
prime video kdrama 2026,0,1,0.0000,3.00
pro bono serie staffel 2,0,1,0.0000,3.00
rating drama korea 2026,0,1,0.0000,8.00
recent kdrama 2026,0,1,0.0000,4.00
recent kdramas,0,1,0.0000,3.00
recommend new korean dramas to watch,0,1,0.0000,11.00
recommended kdrama 2026,0,1,0.0000,4.00
rekom drakor 2026,0,1,0.0000,1.00
rekomendasi drakor 2026,0,20,0.0000,2.65
rekomendasi drakor mei 2026,0,1,0.0000,1.00
rekomendasi drakor on going 2026,0,1,0.0000,11.00
rekomendasi drakor romance 2026,0,3,0.0000,1.00
rekomendasi drakor seru 2026,0,1,0.0000,2.00
rekomendasi drakor terbaru,0,4,0.0000,3.00
rekomendasi drakor terbaru 2026,0,1,0.0000,5.00
rekomendasi drama 2026,0,1,0.0000,6.00
rekomendasi drama korea 2026,0,10,0.0000,3.30
rekomendasi drama korea terbaru 2026,0,3,0.0000,2.67
rekomendasi film korea netflix 2026,0,1,0.0000,3.00
republican era chinese drama 2026,0,1,0.0000,4.00
rom com k drama 2026,0,1,0.0000,11.00
rom com kdrama 2026,0,17,0.0000,10.94
rom com korean drama 2026,0,1,0.0000,11.00
romance comedy,0,1,0.0000,16.00
romance kdrama recommendation 2026,0,1,0.0000,30.00
romantic korean movies on netflix 2026,0,1,0.0000,2.00
romcom drakor 2026,0,1,0.0000,1.00
serial netflix korea terbaru 2026,0,1,0.0000,1.00
seriale koreańskie 2026,0,1,0.0000,5.00
serie coreana 2026,0,1,0.0000,1.00
serie coreana de netflix 2026,0,3,0.0000,1.00
serie coreana en netflix 2026,0,1,0.0000,1.00
serie coreana en tendencia 2026,0,2,0.0000,2.00
serie coreen netflix 2026,0,1,0.0000,1.00
serie coréenne netflix 2026,0,2,0.0000,2.50
serie de netflix 2026 coreana,0,1,0.0000,1.00
serie de netflix coreana 2026,0,1,0.0000,3.00
serie netflix 2026 coreana,0,1,0.0000,1.00
series coreana netflix 2026,0,1,0.0000,1.00
series coreanas,0,2,0.0000,2.00
series coreanas 2026 netflix,0,6,0.0000,1.00
series coreanas de amor 2026,0,3,0.0000,1.67
series coreanas de amor en netflix 2026,0,1,0.0000,1.00
series coreanas de netflix 2026,0,1,0.0000,1.00
series coreanas del 2026,0,1,0.0000,5.00
series coreanas en disney plus,0,1,0.0000,1.00
series coreanas en disney plus 2026,0,1,0.0000,2.00
series coreanas en emision 2026,0,1,0.0000,1.00
series coreanas en español 2026,0,2,0.0000,3.00
series coreanas en netflix,0,1,0.0000,2.00
series coreanas en tendencia 2026,0,1,0.0000,3.00
series coreanas netflix 2026,0,6,0.0000,1.67
series coreanas nuevas en netflix 2026,0,2,0.0000,2.00
series de netflix 2026 coreanas,0,1,0.0000,1.00
series de netflix coreanas 2026,0,1,0.0000,3.00
series kdramas 2026,0,1,0.0000,3.00
series korea netflix 2026,0,2,0.0000,1.00
series netflix coreanas 2026,0,1,0.0000,1.00
series nuevas coreanas 2026,0,1,0.0000,1.00
site:www.epickor.com,0,10,0.0000,17.90
sold out on you berapa episode,0,1,0.0000,3.00
suspicious partner,0,1,0.0000,4.00
série coréen netflix 2026,0,1,0.0000,2.00
série coréenne 2026,0,2,0.0000,2.50
série coréenne netflix romantique 2026,0,1,0.0000,3.00
the best k drama of 2026,0,1,0.0000,30.00
the best kdrama of 2026,0,1,0.0000,11.00
the lights are out kdrama 2026 release date,0,1,0.0000,11.00
the premise kdrama,0,23,0.0000,8.74
the wonderfools,0,1,0.0000,45.00
there should be more,0,1,0.0000,15.00
tonight kdrama,0,1,0.0000,1.00
top 1 korean drama 2026,0,1,0.0000,1.00
top 10 best k-dramas of all time 2026,0,4,0.0000,16.00
top 10 best korean dramas 2026,0,2,0.0000,18.00
top 10 dramas of 2026,0,1,0.0000,1.00
top 10 kdramas 2026,0,1,0.0000,2.00
top 10 korean drama 2026,0,37,0.0000,3.68
top 10 korean drama 2026 romantic comedy,0,1,0.0000,1.00
top 2026 kdrama list,0,1,0.0000,18.00
top 2026 korean dramas,0,1,0.0000,1.00
top 5 korean drama 2026,0,1,0.0000,12.00
top doramas 2026,0,1,0.0000,7.00
top drama korea 2026,0,1,0.0000,1.00
top k drama 2026,0,1,0.0000,3.00
top k drama in 2026,0,1,0.0000,1.00
top k dramas 2026,0,2,0.0000,4.00
top k-dramas to watch right now 2026,0,1,0.0000,10.00
top kdrama 2026,0,7,0.0000,4.14
top kdramas of 2026,0,1,0.0000,3.00
top korean drama 2026,0,2,0.0000,4.00
top korean drama 2026 netflix,0,1,0.0000,4.00
top korean dramas 2026,0,1,0.0000,17.00
top korean netflix series 2026,0,1,0.0000,3.00
top korean series on netflix 2026,0,1,0.0000,3.00
top new kdrama 2026,0,1,0.0000,30.00
top rated korean dramas on netflix 2026,0,1,0.0000,18.00
top ten korean drama 2026,0,1,0.0000,1.00
trending drama 2026,0,1,0.0000,3.00
trending k drama on netflix 2026,0,1,0.0000,3.00
trending kdrama,0,2,0.0000,1.00
trending kdrama 2026,0,13,0.0000,2.23
trending kdramas 2026,0,1,0.0000,3.00
trending korean series on netflix 2026,0,2,0.0000,2.00
trendy k drama,0,3,0.0000,9.33
ultimos dramas coreanos 2026,0,1,0.0000,2.00
ultimos kdramas 2026,0,1,0.0000,3.00
uncle's love kdrama 2026,0,1,0.0000,3.00
upcoming drama korea 2026,0,2,0.0000,1.00
upcoming kdrama 2026,0,1,0.0000,5.00
upcoming kdrama 2026 netflix,0,1,0.0000,1.00
upcoming korean drama 2026 netflix,0,1,0.0000,5.00
video drakor terbaru 2026,0,1,0.0000,9.00
village kdrama 2026,0,2,0.0000,9.00
what to watch kdrama 2026,0,1,0.0000,21.00
what to watch korean documentary released shows 2026,0,1,0.0000,11.00
what to watch korean fantasy released shows 2026,0,2,0.0000,11.00
what to watch korean romance released shows 2026,0,1,0.0000,13.00
what to watch korean sport released shows 2026,0,1,0.0000,12.00
where to watch number one kdrama,0,1,0.0000,1.00
yang action,0,1,0.0000,6.00
вышедшие дорамы 2026,0,1,0.0000,1.00
дорама 2026,0,9,0.0000,8.11
дорама 2026 года,0,1,0.0000,1.00
дорама 2026 года корея,0,2,0.0000,4.00
дорама 2026 корея,0,1,0.0000,1.00
дорама 2026 новинки,0,1,0.0000,10.00
дорама 2026 список,0,1,0.0000,1.00
дорама новые 2026,0,1,0.0000,4.00
дорама про школу 2026,0,1,0.0000,1.00
дорама2026,0,8,0.0000,10.25
дорами 2026,0,13,0.0000,6.85
дорами 2026 року,0,1,0.0000,11.00
дорами2026,0,2,0.0000,6.50
дорамы 2026,0,58,0.0000,4.14
дорамы 2026 года вышедшие,0,1,0.0000,1.00
дорамы 2026 года которые уже вышли,0,1,0.0000,1.00
дорамы 2026 корейские,0,2,0.0000,1.00
дорамы 2026 корея,0,2,0.0000,1.00
дорамы 2026 которые уже вышли,0,12,0.0000,5.17
дорамы 2026 новинки,0,1,0.0000,6.00
дорамы 2026 список,0,1,0.0000,1.00
дорамы 2026 топ,0,1,0.0000,10.00
дорамы 2026 уже вышли,0,1,0.0000,1.00
дорамы вышедшие в 2026,0,1,0.0000,1.00
дорамы июнь 2026,0,1,0.0000,4.00
дорамы китай 2026,0,1,0.0000,10.00
дорамы корея 2026 года,0,1,0.0000,1.00
дорамы которые вышли 2026,0,1,0.0000,5.00
дорамы которые вышли в 2026,0,1,0.0000,1.00
дорамы новые 2026,0,1,0.0000,1.00
дорамы про любовь 2026,0,1,0.0000,1.00
дорамы про школу 2026,0,1,0.0000,1.00
дорамы южная корея 2026,0,1,0.0000,1.00
драмы 2026,0,1,0.0000,1.00
какие дорамы вышли в 2026 году,0,1,0.0000,1.00
какую дораму посмотреть 2026,0,1,0.0000,3.00
корейская дорама 2026,0,3,0.0000,4.33
корейская дорама 2026 года,0,1,0.0000,6.00
корейские боевики 2026,0,3,0.0000,1.00
корейские дорамы 2026,0,8,0.0000,4.88
корейские дорамы 2026 года,0,2,0.0000,5.50
корейские дорамы 2026 комедии,0,1,0.0000,9.00
корейские дорамы 2026 которые уже вышли,0,2,0.0000,3.50
корейские дорамы 2026 смотреть,0,1,0.0000,11.00
корейские дорамы боевики 2026,0,1,0.0000,9.00
корейские дорамы июнь 2026,0,2,0.0000,6.50
корейские дорамы лучшие 2026,0,1,0.0000,5.00
корейские дорамы топ 2026,0,1,0.0000,6.00
корейские сериалы 2026,0,4,0.0000,1.00
корейские сериалы нетфликс 2026,0,1,0.0000,1.00
корейские триллеры 2026,0,1,0.0000,6.00
корейские фильмы 2026 года,0,2,0.0000,10.00
корейские фильмы 2026 которые уже вышли,0,1,0.0000,1.00
корейский дорама 2026,0,1,0.0000,1.00
корейский сериал нетфликс 2026,0,2,0.0000,3.00
корейский сериал про супергероев 2026,0,1,0.0000,1.00
корейский сериалы 2026,0,1,0.0000,11.00
корейский фильм 2026,0,1,0.0000,8.00
корея дорамы 2026,0,1,0.0000,10.00
лучшая дорама 2026,0,5,0.0000,2.60
лучшие дорамы 2026 года,0,1,0.0000,9.00
лучшие дорамы 2026 которые уже вышли,0,2,0.0000,3.50
лучшие корейские сериалы 2026,0,1,0.0000,1.00
лучшие новые дорамы 2026,0,1,0.0000,4.00
новая дорама про школу 2026,0,1,0.0000,1.00
новинки дорамы 2026,0,2,0.0000,2.50
новые дорамы 2026,0,2,0.0000,3.00
новые дорамы 2026 корея,0,3,0.0000,4.33
новые дорамы 2026 которые уже вышли,0,3,0.0000,3.00
новые корейские дорамы 2026,0,3,0.0000,9.33
новые корейские дорамы 2026 список,0,1,0.0000,3.00
новые корейские дорамы 2026,0,1,0.0000,1.00
новые корейские сериалы 2026,0,3,0.0000,2.33
новый дорама 2026 корейский,0,1,0.0000,4.00
новый дорамы 2026,0,1,0.0000,7.00
популярные дорамы 2026,0,3,0.0000,4.67
самая популярная дорама 2026,0,1,0.0000,3.00
топ дорам 2026 которые уже вышли,0,1,0.0000,3.00
топ корейских дорам 2026,0,2,0.0000,4.00
фильмы корея 2026,0,1,0.0000,1.00
южная корея фильмы 2026,0,1,0.0000,8.00
أفضل مسلسلات كورية 2026,0,35,0.0000,2.26
أفلام كوري 2026,0,1,0.0000,4.00
أفلام كورية 2026,0,4,0.0000,6.75
أفلام كورية أكشن 2026,0,2,0.0000,5.50
أفلام كورية رومانسية 2026,0,1,0.0000,5.00
احدث المسلسلات الكورية 2026,0,5,0.0000,2.40
اشهر مسلسل كوري 2026,0,1,0.0000,1.00
اشهر مسلسل كوري حاليا,0,1,0.0000,3.00
افضل المسلسلات الكورية ٢٠٢٦,0,3,0.0000,1.67
افضل مسلسل كوري,0,1,0.0000,3.00
افضل مسلسل كوري 2026,0,13,0.0000,2.77
افضل مسلسل كوري ٢٠٢٦,0,2,0.0000,2.00
افضل مسلسلات كوري 2026,0,4,0.0000,1.25
افضل مسلسلات كورية ٢٠٢٦,0,4,0.0000,2.00
افضل مسلسلات كوريه ٢٠٢٦,0,1,0.0000,3.00
افلام كوري 2026,0,8,0.0000,8.50
افلام كوري ٢٠٢٦,0,1,0.0000,2.00
افلام كورية 2026,0,5,0.0000,5.00
افلام كورية جديدة 2026,0,1,0.0000,3.00
افلام كوريه 2026,0,1,0.0000,7.00
افلام كوريه ٢٠٢٦,0,1,0.0000,7.00
المسلسلات الكوري,0,1,0.0000,5.00
المسلسلات الكورية 2026,0,2,0.0000,2.50
المسلسلات الكورية الجديدة 2026,0,2,0.0000,1.00
أفضل المسلسلات الكورية 2026,0,1,0.0000,2.00
أفضل مسلسلات كورية 2026,0,3,0.0000,1.33
أفضل مسلسلات كورية جديدة 2026,0,2,0.0000,2.00
توب سينما مسلسلات كوريه 2026,0,1,0.0000,9.00
دراما كورية 2026,0,9,0.0000,7.44
دراما كوريه 2026,0,6,0.0000,7.17
فلم كوري ٢٠٢٦,0,1,0.0000,2.00
فيلم كوري جديد 2026,0,1,0.0000,2.00
كيدراما جديدة 2026,0,1,0.0000,3.00
ما اسم المسلسل الكوري الذي يعرض على mbc4,0,1,0.0000,3.00
مسلسل كوري 2026,0,16,0.0000,3.31
مسلسل كوري اكشن 2026,0,1,0.0000,1.00
مسلسل كوري جديد 2026,0,12,0.0000,2.83
مسلسل كوري كوميدي 2026,0,1,0.0000,1.00
مسلسل كوري نتفلكس 2026,0,2,0.0000,2.50
مسلسل كوري ٢٠٢٦,0,5,0.0000,2.00
مسلسل كوري2026,0,1,0.0000,3.00
مسلسلات انيوب,0,1,0.0000,3.00
مسلسلات كورى ٢٠٢٦,0,1,0.0000,1.00
مسلسلات كوري 2026,0,9,0.0000,3.11
مسلسلات كوري جديدة,0,1,0.0000,14.00
مسلسلات كوري جديده 2026,0,1,0.0000,1.00
مسلسلات كوري ٢٠٢٦,0,9,0.0000,7.33
مسلسلات كورية 2026 aradrama,0,1,0.0000,4.00
مسلسلات كورية 2026 أكشن,0,8,0.0000,2.25
مسلسلات كورية 2026 اكشن,0,1,0.0000,2.00
مسلسلات كورية netflix,0,1,0.0000,3.00
مسلسلات كورية اكشن 2026,0,1,0.0000,13.00
مسلسلات كورية تاريخية 2026,0,1,0.0000,4.00
مسلسلات كورية جديدة 2026,0,20,0.0000,3.55
مسلسلات كورية جديدة ٢٠٢٦,0,1,0.0000,1.00
مسلسلات كورية رومانسية 2026,0,2,0.0000,2.50
مسلسلات كورية كوميدية 2026,0,2,0.0000,2.50
مسلسلات كورية لسنة 2026,0,1,0.0000,10.00
مسلسلات كورية مترجمة 2026,0,1,0.0000,7.00
مسلسلات كورية مدرسية 2026,0,1,0.0000,2.00
مسلسلات كورية نتفلكس 2026,0,2,0.0000,1.00
مسلسلات كورية2026,0,2,0.0000,1.00
مسلسلات كوريه 2026,0,9,0.0000,5.11
مسلسلات كوريه جديده 2026,0,1,0.0000,3.00
مسلسلات كوريه ٢٠٢٦,0,5,0.0000,4.40
নতুন নাটক 2026,0,15,0.0000,9.40
নতুন নাটক ২০২৬,0,1,0.0000,11.00
নাটক 2026,0,32,0.0000,9.69
নাটক নতুন 2026,0,5,0.0000,7.40
নাটক ২০২৬,0,10,0.0000,7.70
নাটক২০২৬,0,1,0.0000,11.00
